component_id,mean_thickness_nm,median_thickness_nm,std_thickness_nm,min_thickness_nm,max_thickness_nm,number_of_measurements,patient_id,image_name,resolution_nm_pixel
1,515.0496793619781,510.3216558989046,45.901665991570354,424.0141397963045,612.0836915199424,806,01-24,01-24_03_1g.png,8.1301
2,448.49717994641037,450.90915493784337,38.20848170720627,327.23021274967874,571.8876696498011,780,01-24,01-24_03_1g.png,8.1301
1,187.83644453058105,187.91920000000002,27.405206293202536,60.4026,267.27892449005407,1773,01-24,01-24_04_1g.png,3.3557
1,195.30886631842688,193.7227102184976,41.62106243962359,25.9744,285.7184,1392,01-24,01-24_05_1g.png,3.2468
1,165.7277525110882,162.34,59.44420948856807,6.4936,297.43239960380913,1529,01-24,01-24_06_1g.png,3.2468
1,179.44894272319752,174.48161954372156,41.18122145659599,6.6666,304.0437395586365,937,01-24,01-24_07_1g.png,3.3333
1,146.12041564344406,148.67872223892695,19.92422256593399,7.7822,181.0093548147167,1238,01-24,01-24_08_1g.png,3.8911
1,111.37485760823328,113.4058485828663,23.137382294117685,6.4936,149.91639747432566,1046,01-24,01-24_09_1g.png,3.2468
1,139.9935296297447,114.42461079680368,61.51806185243321,6.826,313.996,1562,01-24,01-24_10_1g.png,3.413
1,210.3059002032699,215.5146641536951,62.53437363511875,8.1632,365.8898864250828,1027,01-24,01-24_11_1g.png,4.0816
1,155.33741263747703,173.3904066598318,51.53798699918896,6.4936,215.1724689036216,242,01-24,01-24_12_1g.png,3.2468
2,136.68808132392826,141.82236473109592,31.366897885386383,6.4936,236.1028668803494,1735,01-24,01-24_12_1g.png,3.2468
1,461.7836438337338,379.9715903427518,238.52145688738187,15.3846,1320.0309549900412,2173,01-24,01-24_13_1g.png,7.6923
1,155.05038199194425,164.96118195502842,31.10439467318609,6.536,200.06993865146256,935,01-24,01-24_14_1g.png,3.268
1,171.3802961075909,173.38046532870996,21.701519929616733,10.7526,225.8046,770,01-24,01-24_15_1g.png,5.3763
2,222.64162118709066,197.39149697522433,82.99401649908992,10.7526,495.6703686574375,752,01-24,01-24_15_1g.png,5.3763
3,173.88970168603458,168.30481174404966,21.935350740980766,133.00231665004935,235.82292859592766,1334,01-24,01-24_15_1g.png,5.3763
1,198.55171966183667,197.98988223994343,36.88385109576907,8.0,288.44410203711914,1246,01-24,01-24_16_1g.png,4.0
1,200.33414843015606,205.53453047115948,34.91263422121255,111.84299999999999,262.9131717449698,774,01-24,01-24_17_1g.png,3.2895
1,399.12717431823245,389.1888,73.46911784113469,97.2972,598.0239073134117,1073,02-24,02-24_03_2g.png,5.4054
2,292.60887204385904,291.89160000000004,31.025536727769644,114.92038035231175,356.59256237941923,1047,02-24,02-24_03_2g.png,5.4054
1,259.9558451913453,263.06758377610873,42.43039202894359,9.0498,336.67202137296766,889,02-24,02-24_04_1g.png,4.5249
1,226.33366669208868,225.31547297174248,25.96568774066177,183.17099574987301,292.59949163318794,1285,02-24,02-24_04_2g.png,3.4014
1,400.10866263108437,400.854743391668,108.98218352698515,14.0846,594.3968200638021,896,02-24,02-24_05_1g.png,7.0423
1,201.7043981265502,212.01380253030698,27.55479754200483,123.3784,249.47596528916367,1090,02-24,02-24_05_2g.png,3.2468
2,176.24020246478008,177.2407868274117,33.43227779401578,18.36667437725186,279.30029677034,755,02-24,02-24_05_2g.png,3.2468
1,350.1921518727198,348.4369713623972,52.58615965206774,239.2723641503966,476.21148803118973,1364,02-24,02-24_06_1g.png,7.4627
1,265.9319511575017,254.0276751965423,41.43075057951385,103.16118950225419,353.0311359104747,1296,02-24,02-24_06_2g.png,3.9216
1,156.14862726489187,144.51678688263172,60.796696260160616,7.2992,329.7590824014405,835,02-24,02-24_07_1g.png,3.6496
2,142.01638520048184,145.984,40.27461899428249,7.2992,205.67689852815266,792,02-24,02-24_07_1g.png,3.6496
1,213.25591671796937,211.4162988456661,47.92592695016478,25.9744,329.89788801651946,1676,02-24,02-24_07_2g.png,3.2468
1,189.76926327207985,194.04876567296168,41.15010727749386,11.1112,288.4635295952679,530,02-24,02-24_08_1g.png,5.5556
2,276.52153872539134,278.66747829942415,63.55989898175189,11.1112,392.8402433559984,1095,02-24,02-24_08_1g.png,5.5556
1,260.248041657599,247.88359770674623,69.68308941039722,26.2296,465.990824521256,1531,02-24,02-24_08_2g.png,3.2787
2,234.41202287564803,229.0401353632153,33.768372522805414,114.52006768160766,351.90701173577094,771,02-24,02-24_08_2g.png,3.2787
3,200.98234710232865,205.54059262872846,37.044242802423184,27.820692041716,249.26746664617104,346,02-24,02-24_08_2g.png,3.2787
1,161.01291594656962,154.65700203236838,36.24149596969062,6.6006,239.17499750743175,891,02-24,02-24_09_1g.png,3.3003
2,110.24404431108718,108.85988396980773,24.202006261688844,6.6006,172.75423423638566,654,02-24,02-24_09_1g.png,3.3003
1,226.40784342878288,227.27599999999998,39.66346048777875,64.2833603203815,318.78219321913195,937,02-24,02-24_09_2g.png,3.2468
2,226.77950581066048,196.53199820731484,77.15038793931932,149.3528,407.90973808939646,1120,02-24,02-24_09_2g.png,3.2468
1,1233.618120818298,1336.3145864417554,488.8232743875764,18.608222053705184,1814.3016502362555,1019,02-24,02-24_10_1g.png,3.2895
1,238.86171941371074,241.3132787382105,43.32773475028281,36.38648156884641,339.52499798394814,1234,02-24,02-24_10_2g.png,3.3784
1,210.45816181831248,218.89443770374794,45.82497526485507,6.5146,289.29518826195505,1055,02-24,02-24_11_1g.png,3.2573
1,265.65158418064595,285.9027963579357,66.15864167902224,25.9744,402.8126165031081,1068,02-24,02-24_11_2g.png,3.2468
1,215.53998079681995,191.80916258093615,57.4830149349047,133.21459683533183,341.6015482049225,1080,02-24,02-24_12_1g.png,3.2895
1,290.01001830918887,290.4026203738527,96.60618366968434,20.53456621406939,488.1010668130115,1885,02-24,02-24_12_2g.png,3.2468
1,794.204874491346,790.2524114119996,219.03124984724857,32.5204,1243.5598556281723,1467,02-24,02-24_13_1g.png,8.1301
1,300.7498858740613,312.0568,117.90472628113987,7.0922,473.42759165794297,1081,02-24,02-24_13_2g.png,3.5461
2,313.7374378896589,323.7648010619862,103.38637252801692,7.0922,461.04755215686805,878,02-24,02-24_13_2g.png,3.5461
1,399.9710943366269,417.582,127.72403277416278,36.629999999999995,571.428,1417,02-24,02-24_14_1g.png,3.663
1,253.5433285718186,239.59915948066262,63.17721886431819,27.1184,421.4817942193945,1576,02-24,02-24_14_2g.png,3.3898
2,241.69787225996018,240.46085754084802,42.69292582549362,38.35120906985855,322.29850468408944,1000,02-24,02-24_14_2g.png,3.3898
1,126.64228301204447,129.68121397858673,39.93788244457716,6.6006,215.5073156618123,1031,02-24,02-24_15_1g.png,3.3003
2,85.74629046267763,85.8078,13.18229120787283,6.6006,112.2102,753,02-24,02-24_15_1g.png,3.3003
1,244.03496393805793,264.54410161793436,82.1474146788103,13.0292,364.4684364808563,1095,02-24,02-24_15_2g.png,3.2573
1,152.57448198579235,156.06110484960692,35.439341381419716,6.6666,211.8678623944651,856,02-24,02-24_16_1g.png,3.3333
1,299.45972232428005,322.3532054439664,93.20698785718416,9.901,435.644,1560,02-24,02-24_16_2g.png,4.9505
1,229.24175254705014,203.90317600900678,95.08609972526058,25.9744,422.084,1475,02-24,02-24_17_1g.png,3.2468
2,184.14150592382427,188.3144,58.6559107123086,25.9744,321.41680160190754,1260,02-24,02-24_17_1g.png,3.2468
1,401.02991806629416,406.16239034716153,67.79423343621417,33.8984,508.47600000000006,1178,02-24,02-24_17_2g.png,4.2373
1,246.2734941264149,255.75967422703678,54.767180719503386,42.5528,344.55288839706446,722,03-24,03-24_03_1g.png,5.3191
2,338.70572271976675,300.89373438474917,149.81856345146926,42.5528,841.2253765476407,1433,03-24,03-24_03_1g.png,5.3191
1,584.0326688455585,587.6212214311529,110.84266911789697,81.301,785.3861755374359,1651,03-24,03-24_04_1g.png,8.1301
1,146.99406013327962,143.792,36.99247867898728,6.536,236.1115865009593,1648,03-24,03-24_05_1g.png,3.268
1,156.97572084545033,169.05508198880034,45.072888640233266,6.7568,234.1599236296425,1086,03-24,03-24_06_1g.png,3.3784
1,294.05341289267955,293.1349242464978,55.6983277080802,16.2602,443.81708789748063,1192,03-24,03-24_07_1g.png,8.1301
1,156.96495880992967,160.76434331032488,22.19124265330201,93.58127846957424,193.005767043371,765,03-24,03-24_08_1g.png,3.268
1,230.44938280934082,236.63576713252797,69.86235625369208,13.6056,348.6061655619992,1476,03-24,03-24_09_1g.png,3.4014
2,238.66459861037316,249.11626962813972,44.9661108818796,24.527844216726425,316.53129414577637,772,03-24,03-24_09_1g.png,3.4014
1,135.3065440599838,138.96910865253471,29.76996606158801,6.4936,187.41659083357587,1332,03-24,03-24_10_1g.png,3.2468
2,180.84646161314643,187.30406209882366,64.53116159496294,6.4936,302.42334242290224,772,03-24,03-24_10_1g.png,3.2468
1,566.8055071374182,563.5044977212161,124.74458770637634,126.99622178017738,816.579408501635,1134,03-24,03-24_11_1g.png,8.1301
1,159.86579131819784,149.91639747432566,43.369649610972516,6.4936,264.33020158642483,1474,03-24,03-24_12_1g.png,3.2468
1,175.56355330555292,184.77445396872375,43.68342446723949,32.787,255.1494367358862,1334,03-24,03-24_13_1g.png,3.2787
1,252.30229951202196,250.38622837544403,112.51986837260341,26.2296,568.9465673973964,1253,03-24,03-24_14_1g.png,3.2787
2,143.02847599741338,143.8150095767476,38.476794066414385,18.54712802781067,242.62380000000002,973,03-24,03-24_14_1g.png,3.2787
1,215.37081515895056,214.18921573944849,64.59640619942975,39.6036,369.45675591045836,1451,03-24,03-24_15_1g.png,3.3003
2,282.6735274967465,293.11420803147706,76.25200461829151,33.003,429.3942698307932,1060,03-24,03-24_15_1g.png,3.3003
1,149.1753643329465,162.16320000000002,40.53483575990843,6.7568,209.78748717537945,947,03-24,03-24_16_1g.png,3.3784
2,145.8952204220693,139.29500045586704,27.156901285276994,82.47725498438948,229.5323845581708,675,03-24,03-24_16_1g.png,3.3784
1,149.7864772503352,154.54945375367717,36.658985544137025,6.6446,222.767585379561,1274,03-24,03-24_17_1g.png,3.3223
2,99.05960807572367,101.20753195844665,21.6934166868475,6.6446,145.12025451094,715,03-24,03-24_17_1g.png,3.3223
1,230.61904127104876,220.03680070388225,90.18239986946848,7.5472,555.9372233083876,2652,04-23,04-23_03_1g.png,3.7736
1,210.81353411225197,213.59897452637733,47.34899875650548,6.4936,344.1608,1292,04-23,04-23_03_2g.png,3.2468
2,209.86769312583039,220.4479120329672,56.63771262976684,6.4936,295.72627233818775,360,04-23,04-23_03_2g.png,3.2468
1,225.85739621549055,210.90956992882045,81.51810605487591,6.6006,485.40221806959227,2467,04-23,04-23_04_1g.png,3.3003
1,202.10386662480823,196.31732638114244,37.316908834116006,110.3912,311.6928,770,04-23,04-23_04_2g.png,3.2468
1,141.07030103172576,140.33068090307268,36.33964627788177,6.6006,258.85799488074537,2006,04-23,04-23_05_1g.png,3.3003
1,330.67292879351265,372.57635985872207,123.50283320125843,26.4904,498.1058176826687,1786,04-23,04-23_05_2g.png,3.3113
1,205.85569237883445,216.294822635402,34.77030653352691,92.73564013905334,257.83176472064105,515,04-23,04-23_06_1g.png,3.2787
2,185.71156742768792,173.2444727617017,31.19976822884719,137.7054,253.0340840630764,716,04-23,04-23_06_1g.png,3.2787
1,408.97130996087526,393.61776505569463,89.23469585640574,16.2602,676.7056880190088,1055,04-23,04-23_06_2g.png,8.1301
1,244.82395647779472,248.08762212927917,59.437796375554925,12.0482,371.15496487957694,1096,04-23,04-23_07_1g.png,6.0241
2,300.86542852488117,318.309704566983,65.78549383529952,12.0482,434.57107512493275,1061,04-23,04-23_07_1g.png,6.0241
1,418.3766969212236,419.6265879214996,84.11681291207908,16.2602,620.875674906273,1326,04-23,04-23_07_2g.png,8.1301
1,165.4393224224701,162.72914957953907,40.544059189249936,6.4936,244.7837433412603,1053,04-23,04-23_08_1g.png,3.2468
2,200.81713839750392,205.03741228644103,35.09467869683195,115.06688516441208,256.1476225416898,722,04-23,04-23_08_1g.png,3.2468
1,202.4480996912847,208.4672,25.363417757241532,84.93999197786636,241.7434551778393,564,04-23,04-23_08_2g.png,3.2573
2,180.43520053232308,183.45280165721098,34.16187737998841,6.5146,259.3596361398589,1344,04-23,04-23_08_2g.png,3.2573
1,199.56607455635154,206.00974044932923,42.144222478315136,6.5146,260.90952667282966,798,04-23,04-23_09_1g.png,3.2573
2,184.09056352198323,181.70946656264223,45.154925378630686,6.5146,307.01672467206083,1184,04-23,04-23_09_1g.png,3.2573
1,321.23814891233883,338.70964415474407,95.50267733741448,53.6912,561.9971035508279,1538,04-23,04-23_09_2g.png,3.3557
1,207.43642497504192,199.43553508088775,63.79085861364758,6.5574,402.305975939508,1299,04-23,04-23_10_1g.png,3.2787
2,221.94681440863482,210.75691705630922,78.26742047696408,6.5574,396.16682833624526,897,04-23,04-23_10_1g.png,3.2787
3,183.28890614292123,203.54357788383174,55.349790413202086,6.5574,236.06640000000002,286,04-23,04-23_10_1g.png,3.2787
4,96.00731024491931,104.9184,32.06154494642785,6.5574,137.86144016337565,135,04-23,04-23_10_1g.png,3.2787
1,215.74811694989296,213.8730600791039,21.37127169338067,125.9744595971739,260.8686,678,04-23,04-23_10_2g.png,4.8309
2,239.5374421633547,241.545,47.45986191715272,9.6618,329.0690503806154,783,04-23,04-23_10_2g.png,4.8309
1,196.38984577551858,190.476,44.69338789978769,134.6868712532888,364.5264775494367,796,04-23,04-23_11_1g.png,4.7619
1,203.78080998883343,202.8665491818698,26.337068917899128,90.9104,266.94936078290203,757,04-23,04-23_11_2g.png,3.2468
2,186.85678774950816,188.3144,35.72299310793933,6.4936,257.133441281526,810,04-23,04-23_11_2g.png,3.2468
1,470.83016128820424,485.7175134126008,86.72643516591863,10.3626,608.2237124021062,1328,04-23,04-23_12_1g.png,5.1813
1,247.19712934807606,244.9633091228154,26.056705845481698,135.45942163910195,321.2509310928764,767,04-23,04-23_12_2g.png,3.5211
2,156.44569672317698,140.31484095946516,57.43154785994021,7.0422,308.8950073020929,636,04-23,04-23_12_2g.png,3.5211
1,200.53583282822814,203.43799282582395,24.722687981268155,52.24276008213961,244.94895154092822,2212,04-23,04-23_13_1g.png,3.3445
1,193.6581182634225,201.72010689666016,50.188690493784954,6.4936,282.9004491726374,1941,04-23,04-23_13_2g.png,3.2468
1,251.00984918774185,231.83910034763335,94.94748822859461,76.47176791051716,631.1816845817059,3579,04-23,04-23_14_1g.png,3.2787
2,204.73928153588062,195.733422146006,74.59235004275853,6.5574,338.0083690936069,516,04-23,04-23_14_1g.png,3.2787
1,494.9780443117772,494.5346764757756,78.10018154533388,16.2602,624.6964843530336,747,04-23,04-23_14_2g.png,8.1301
2,502.0764921764322,488.07692809642214,127.89271628924254,16.2602,833.2460124171253,800,04-23,04-23_14_2g.png,8.1301
1,188.95829567707705,177.46777110224832,48.924267596217916,7.9366,285.7176,840,04-23,04-23_15_1g.png,3.9683
2,258.9361069437602,233.42240877730654,92.31482688273044,7.9366,490.8516016241569,1066,04-23,04-23_15_1g.png,3.9683
1,203.8258854479171,201.342,34.590042133153176,6.7114,275.9030337499028,818,04-23,04-23_15_2g.png,3.3557
2,217.8772465321205,231.12954699163842,45.86168945073018,6.7114,255.5624981134752,672,04-23,04-23_15_2g.png,3.3557
1,304.49267281260353,284.827146334404,105.00215752972242,12.987,725.5305847784779,1457,04-23,04-23_16_1g.png,6.4935
2,316.68799214049,298.701,103.09347330994312,12.987,636.4955066125762,928,04-23,04-23_16_1g.png,6.4935
1,186.42585330677227,190.53990177505753,37.27335039068589,6.4936,245.8151400863665,902,04-23,04-23_16_2g.png,3.2468
2,146.17938961942477,146.71784434071242,19.101621966688878,97.62021336260231,189.6531448167417,612,04-23,04-23_16_2g.png,3.2468
3,230.56069153019283,237.39381461972613,33.216665993124884,107.48820597181813,288.43574191504075,720,04-23,04-23_16_2g.png,3.2468
1,205.87378321244904,204.043262348846,23.453333173029236,109.20459558992927,249.34838936596321,580,04-23,04-23_17_1g.png,3.2573
2,178.76532284315314,173.09722496608663,50.82961678804078,6.5146,312.70079999999996,1030,04-23,04-23_17_1g.png,3.2573
1,210.50750519232724,209.8368,39.99916415631063,6.5574,293.035818690685,748,04-23,04-23_17_2g.png,3.2787
1,195.56278767908384,192.373832616393,40.952647792257125,6.5146,260.584,805,04-23,04-23_18_1g.png,3.2573
1,117.82901042807602,119.51069042190326,23.603790342163034,7.2464,155.5868062354903,1207,05-24,05-24_03_1g.png,3.6232
1,169.47120200653373,156.841496820835,36.7211185194026,103.55756684086393,254.31612856836273,726,05-24,05-24_04_1g.png,3.7175
1,150.2283135812624,154.34997782856982,26.583474245175637,7.0672,194.95739368959568,1055,05-24,05-24_05_1g.png,3.5336
1,128.72652630136173,113.94402251667263,40.1803015418987,60.85452514480743,280.195275635975,1110,05-24,05-24_06_1g.png,3.3003
2,95.60871666824463,96.10618667036998,19.790005904362392,6.6006,138.769668152374,866,05-24,05-24_06_1g.png,3.3003
1,177.06286272781094,171.50220740235386,60.234594971508095,24.19829683014902,312.8549182657674,1280,05-24,05-24_07_1g.png,3.3557
2,279.7759094934213,261.7446,129.64370025945237,26.8456,609.5562314340162,761,05-24,05-24_07_1g.png,3.3557
3,184.7485418024305,173.20093739168965,67.32588553265799,21.223310288454062,387.9282090237316,1982,05-24,05-24_07_1g.png,3.3557
1,156.5030916434336,161.27084474907423,42.861498990887924,6.8028,241.28372200113296,874,05-24,05-24_08_1g.png,3.4014
2,128.9456867129543,113.2211567317699,42.584538481613905,6.8028,211.87200193701858,685,05-24,05-24_08_1g.png,3.4014
1,174.56993061055223,171.14873885483354,34.454744234942794,50.251000000000005,283.72908992889677,1009,05-24,05-24_09_1g.png,5.0251
1,123.54263876122171,121.31045913292061,29.265035321085485,6.4936,193.0686080351749,1552,05-24,05-24_10_1g.png,3.2468
1,271.26287332359897,279.0501500153829,74.71037103407946,10.7526,419.9024533257694,1062,05-24,05-24_11_1g.png,5.3763
2,197.06180435762369,210.01639905213784,45.183372819981294,10.7526,243.30356401236708,336,05-24,05-24_11_1g.png,5.3763
1,243.04446569328562,240.9465941987975,87.28622795554553,8.2644,446.5835839920675,1128,05-24,05-24_12_1g.png,4.1322
1,327.93098469319654,269.9065012355344,200.00869128074538,26.936,895.3941289063716,2102,05-24,05-24_13_1g.png,3.367
1,109.07201827563054,111.57421578913295,23.502083623502006,6.8028,170.47767937040908,1309,05-24,05-24_14_1g.png,3.4014
1,400.0505063529974,396.9620712459063,70.55758300376267,117.25396969859912,524.8796589787797,746,05-24,05-24_15_1g.png,8.1301
2,278.04053571824033,276.4234,57.34315732513694,45.99079073379801,403.89498906606906,908,05-24,05-24_15_1g.png,8.1301
1,236.24931617613262,232.8112433488555,52.947374296002614,15.3846,369.870869518647,1117,05-24,05-24_16_1g.png,7.6923
2,332.6004890084341,306.53598338942203,107.80415416683556,15.3846,654.5238804349312,1370,05-24,05-24_16_1g.png,7.6923
3,243.89714597892694,262.6661152916997,74.6728956997049,15.3846,358.82745008574807,168,05-24,05-24_16_1g.png,7.6923
1,278.0022378910519,269.96260218163553,56.429544606171326,14.7058,456.11692865062577,1322,05-24,05-24_17_1g.png,7.3529
1,190.16110014159838,187.5707090929711,46.37331330645085,6.5146,278.3038339962279,1324,06-24,06-24_03_1g.png,3.2573
1,440.32634958012204,412.698,147.2993898409224,15.873,754.2598406928477,829,06-24,06-24_04_1g.png,7.9365
2,286.3213543206047,270.30744978634976,65.29114688647421,15.873,493.851861262059,1601,06-24,06-24_04_1g.png,7.9365
1,448.40809926402756,441.72712026942605,126.87659852814053,16.2602,897.9988960583415,1217,06-24,06-24_05_1g.png,8.1301
1,389.398393112772,394.5764493331045,124.91153800565772,45.7144,657.914237450019,1755,06-24,06-24_06_1g.png,5.7143
2,367.8720609457498,374.3629782858876,81.25565164548225,45.7144,532.7493099639642,875,06-24,06-24_06_1g.png,5.7143
1,153.10227218470277,152.89597058209216,44.63753724154995,7.7822,243.74565994093103,1162,06-24,06-24_07_1g.png,3.8911
2,192.58878640349337,189.3490982531472,50.65761257858458,7.7822,300.3969522009169,937,06-24,06-24_07_1g.png,3.8911
1,172.9039025137134,165.0334856763431,37.04540340422578,87.106703080073,278.54312343771835,748,06-24,06-24_08_1g.png,3.3113
2,125.77261793087575,121.75501959623676,53.11110321413222,6.6226,237.12237565088626,664,06-24,06-24_08_1g.png,3.3113
1,313.5032370303122,320.2365206924659,95.57516714577474,13.6986,478.47152808834926,1270,06-24,06-24_09_1g.png,6.8493
1,124.88390841235682,126.2474,28.554489292049276,6.6446,204.69250839451843,1705,06-24,06-24_10_1g.png,3.3223
1,157.38560660414134,160.38008911831915,43.212122929857856,6.4936,244.52521440800334,548,06-24,06-24_11_1g.png,3.2468
2,187.58409937045744,180.5407656516389,51.787243822549925,6.4936,288.2163713101669,1019,06-24,06-24_11_1g.png,3.2468
1,162.95932376406483,162.34,33.388191331702444,6.4936,240.96418821459756,828,06-24,06-24_12_1g.png,3.2468
2,171.52777099185877,170.44926934850733,85.38376271491792,6.4936,385.80947187543234,818,06-24,06-24_12_1g.png,3.2468
1,161.80915473672255,160.69002580496965,53.0060758055397,7.1684,279.9349688838463,1294,06-24,06-24_13_1g.png,3.5842
1,171.69750154838997,169.63393054987557,57.46208639568593,6.8966,325.3119713767079,964,06-24,06-24_14_1g.png,3.4483
1,131.94001055203373,132.1694286225071,29.899092660173476,8.1968,215.62414272543785,1125,06-24,06-24_15_1g.png,4.0984
1,109.54857645357728,110.20004626351114,29.766929160469278,6.4936,198.77205532850937,1656,06-24,06-24_16_1g.png,3.2468
1,152.646686901113,145.85926555361507,45.665133989676875,6.7568,295.5279417536014,1900,06-24,06-24_17_1g.png,3.3784
1,83.93437113439863,85.2462,31.53022910839118,6.5574,146.62792155657124,267,06-24,06-24_18_1g.png,3.2787
2,235.6250409496989,221.88830861539327,99.60702783671206,6.5574,461.16754122873823,1344,06-24,06-24_18_1g.png,3.2787
1,305.1672406057333,274.4104494768375,106.01790513625107,181.07668263804703,625.4629371951627,599,07-25,07-25_02_1g.png,7.5188
2,249.6143422703877,280.3205401733417,85.07829738146734,15.0376,331.1687872876911,146,07-25,07-25_02_1g.png,7.5188
3,564.7688487078773,404.06117944529143,458.72357241383503,15.0376,2145.7975493930267,3767,07-25,07-25_02_1g.png,7.5188
1,456.4926535113417,473.9355814716173,127.1116601229261,15.3846,606.278178190078,631,07-25,07-25_03_1g.png,7.6923
2,320.37031135517253,316.78830293405724,68.78865918933457,15.3846,415.66900236462186,800,07-25,07-25_03_1g.png,7.6923
1,822.7046608506098,861.2586333667393,179.2120787566978,78.74,1065.7568804938583,1046,07-25,07-25_04_1g.png,7.874
1,243.21113180220502,244.00733479860804,54.86226744445442,6.4936,351.9746848005975,627,07-25,07-25_05_1g.png,3.2468
2,219.7484681845648,236.37060788515987,59.423471163471895,6.4936,291.85102148048065,857,07-25,07-25_05_1g.png,3.2468
1,190.06424827540488,185.68727538525627,48.871929408862286,34.129999999999995,311.9116033237622,1107,07-25,07-25_06_1g.png,3.413
2,138.225458661286,120.95702817116498,50.92632726544279,34.129999999999995,253.39082921053,853,07-25,07-25_06_1g.png,3.413
3,127.99128994126859,123.05746503158595,29.08419450023488,40.955999999999996,203.63915546868682,610,07-25,07-25_06_1g.png,3.413
4,226.901425205772,242.10658646141783,89.63396162963704,34.129999999999995,382.07311696584986,373,07-25,07-25_06_1g.png,3.413
1,219.52062302617588,219.3442585890955,66.87667892278647,15.748,324.6533369611346,179,07-25,07-25_07_1g.png,7.874
2,386.84902097063724,400.878633244527,97.61468088142135,15.748,645.668,988,07-25,07-25_07_1g.png,7.874
3,267.33661809131877,275.2522438338513,77.43932628442916,15.748,409.448,436,07-25,07-25_07_1g.png,7.874
1,176.215932110273,168.9934809866937,25.01950687026487,104.89500000000001,267.6593016971389,382,07-25,07-25_08_1g.png,3.4965
2,128.91104555994943,112.10631825637662,51.42136962370277,60.15606059242909,356.64300000000003,1149,07-25,07-25_08_1g.png,3.4965
1,171.92948448693355,158.4144,47.01316113219926,6.6006,303.6993371776106,1117,07-25,07-25_09_1g.png,3.3003
1,433.5026426265102,419.6265879214996,144.45180224890532,16.2602,761.2830459531331,1140,07-25,07-25_10_1g.png,8.1301
1,169.61207085241523,173.27085953362152,41.62338035073863,6.4936,240.3509353324842,1071,07-25,07-25_11_1g.png,3.2468
1,238.06135321728974,243.70473938764508,51.80903156932753,16.0,342.0409332229112,636,07-25,07-25_12_1g.png,8.0
1,207.73634493072245,210.14872404247427,46.41242165356845,7.4626,341.7349355856378,1117,07-25,07-25_13_1g.png,3.7313
1,174.19374528811724,181.12372088404103,42.598538485819056,96.53430401758744,273.4260576866806,1090,07-25,07-25_14_1g.png,3.2468
1,373.822003030347,320.8558442805741,135.23826270059936,10.101,697.2617211384834,816,07-25,07-25_15_1g.png,5.0505
2,194.38326732819448,194.29661440694227,49.529018821325245,10.101,303.19830326207307,1120,07-25,07-25_15_1g.png,5.0505
1,135.75413123878306,137.7054,27.62164712730078,6.5574,207.36319528788133,452,07-25,07-25_16_1g.png,3.2787
2,129.05334051065512,121.97469076394498,34.6009383546418,6.5574,221.2090075853151,657,07-25,07-25_16_1g.png,3.2787
3,139.16608684988944,150.319605846588,40.72881719720123,6.5574,180.89393442666895,240,07-25,07-25_16_1g.png,3.2787
4,149.2639048935223,155.45326003374777,41.40800366815403,6.5574,240.57705615241034,1322,07-25,07-25_16_1g.png,3.2787
1,439.21335787850455,455.28560000000004,102.143955578108,16.2602,608.835391435222,1829,07-25,07-25_17_1g.png,8.1301
1,152.3843650601897,149.01726326261667,37.7129839110674,6.7114,263.11769584830284,1191,08-25,08-25_03_1g.png,3.3557
2,185.7613536341646,188.03900823658904,44.49842632459261,6.7114,273.27845058416153,816,08-25,08-25_03_1g.png,3.3557
1,199.53496675754445,186.61165993431388,70.45238323630267,6.6226,377.4882,1032,08-25,08-25_04_1g.png,3.3113
1,286.259928227142,297.893504356708,84.86971051882014,12.9032,410.07011100834944,600,08-25,08-25_05_1g.png,6.4516
2,315.7827638180941,325.66204452296864,69.38957364284991,12.9032,443.9900935428177,1013,08-25,08-25_05_1g.png,6.4516
3,256.0293306460758,275.83891059761675,64.85336826498431,12.9032,323.6106096545044,586,08-25,08-25_05_1g.png,6.4516
1,349.5880724674098,350.2154217963567,32.40720319094494,279.072,426.92340956194937,275,08-25,08-25_06_1g.png,3.876
2,213.26109961227291,198.0935589866566,64.1292298543234,7.752,318.20992165550086,979,08-25,08-25_06_1g.png,3.876
3,182.00134358540532,174.89309173320711,42.23987725134641,7.752,279.50233487396844,886,08-25,08-25_06_1g.png,3.876
1,183.60152266501277,183.825,49.62081793001152,7.353,294.12,594,08-25,08-25_07_1g.png,3.6765
2,192.74656375228,183.825,46.13880556268537,7.353,303.17195665166656,1063,08-25,08-25_07_1g.png,3.6765
1,385.50509548641315,395.62774118062043,82.17772577887443,16.2602,568.8746640033813,1240,08-25,08-25_08_1g.png,8.1301
1,201.78235020957447,207.71732946482823,62.39104796757957,26.144,320.26399999999995,1432,08-25,08-25_09_1g.png,3.268
1,163.97569389872822,160.64279214306504,28.938805855258455,87.12078611215581,242.44705875353492,806,08-25,08-25_10_1g.png,3.2468
1,331.51947528812354,307.69440000000003,114.80331595434696,12.8206,539.2277909500215,1234,08-25,08-25_11_1g.png,6.4103
2,296.011023645721,292.35466110052016,69.86227963591041,12.8206,462.2533068221362,1079,08-25,08-25_11_1g.png,6.4103
1,356.58002647038273,357.83666830491256,68.82958071464877,15.3846,523.0764,1211,08-25,08-25_12_1g.png,7.6923
2,316.06982090195726,261.5382,153.52770182807288,15.3846,672.8894110677327,296,08-25,08-25_12_1g.png,7.6923
1,166.2343230843187,153.2713872802096,43.99380414466596,7.9682,280.24964817797724,1448,08-25,08-25_13_1g.png,3.9841
1,525.0612146119716,530.8899272981548,192.60748920597104,16.2602,867.2953510735545,1003,08-25,08-25_14_1g.png,8.1301
1,713.9350769585695,644.319096953241,297.3352969455824,15.3846,1309.9514874261567,983,08-25,08-25_15_1g.png,7.6923
1,567.3812019295092,552.8468,188.53083228179491,16.2602,1083.593196749426,1300,08-25,08-25_16_1g.png,8.1301
1,387.12789093305946,355.871077585359,140.45251980767023,16.2602,826.0757728727069,1160,08-25,08-25_17_1g.png,8.1301
2,355.48372501387587,359.93487046908916,50.596196522605425,16.2602,429.28159815659467,608,08-25,08-25_17_1g.png,8.1301
3,461.4031660656745,443.81708789748063,114.9051394761446,16.2602,737.2884631582405,703,08-25,08-25_17_1g.png,8.1301
1,191.41833153096357,187.93766873088535,57.87755434972342,26.5784,307.2364174118686,765,09-24,09-24_03_1g.png,3.3223
2,327.5274295029372,318.1785286657162,93.31197479765966,33.223,559.489524427759,2009,09-24,09-24_03_1g.png,3.3223
1,215.9483498655719,209.61356893178456,71.76224130037731,6.4936,402.49845088934194,1123,09-24,09-24_04_1g.png,3.2468
2,175.26010083242778,189.09648630812788,52.668841961104654,6.4936,264.9675266865734,840,09-24,09-24_04_1g.png,3.2468
1,190.9325167984518,193.894739190108,27.396461456119145,112.6559500532484,247.30144050595416,936,09-24,09-24_05_1g.png,3.4602
2,196.36866194382577,223.87145375289504,84.4190322935688,6.9204,312.9520881016773,370,09-24,09-24_05_1g.png,3.4602
1,800.1305306715186,796.7498,230.40457098109323,32.5204,1305.3811705926357,2433,09-24,09-24_06_1g.png,8.1301
1,248.0917479156694,283.6769751111288,83.33146515720277,22.3878,352.01013798042806,412,09-24,09-24_07_1g.png,3.7313
2,270.89720270001976,264.68570350527057,61.853795591308824,14.9252,399.9981445425466,1082,09-24,09-24_07_1g.png,3.7313
1,287.4077791610034,310.26904364075784,86.32502837664588,6.4936,415.5904,1124,09-24,09-24_08_1g.png,3.2468
1,434.20673405079947,526.9800381574239,173.96125017226288,18.793766873088536,608.2985233172608,1344,09-24,09-24_09_1g.png,3.3223
1,414.57694547642984,404.58763239944693,39.4953924474709,348.98379125970877,499.2163418499038,1052,09-24,09-24_10_1g.png,3.3445
1,229.58245644517194,241.1563177194236,36.491367033919694,88.22079432628115,293.2558431131425,788,09-24,09-24_11_1g.png,3.2787
1,485.27531433495096,488.07692809642214,103.9719851339618,16.2602,669.833408061945,971,09-24,09-24_12_1g.png,8.1301
1,219.1600794732497,238.28859887388654,70.38257246318179,7.0176,311.47394470035533,1121,09-24,09-24_13_1g.png,3.5088
1,407.7347063584929,408.7289327292601,102.99785019718145,32.69831461834081,721.033055747377,2179,09-24,09-24_14_1g.png,5.7803
2,523.216723506127,539.7698488659773,117.75543096203168,32.69831461834081,763.3498408263409,1681,09-24,09-24_14_1g.png,5.7803
1,331.604578259228,303.89055371327356,66.72382001704482,272.83655012230304,523.9698895280529,451,09-24,09-24_15_1g.png,3.2573
2,346.15600301645026,341.0690195130012,68.96941573733156,6.5146,448.7041591416776,793,09-24,09-24_15_1g.png,3.2573
1,493.1026063085821,520.3264,111.73060957061003,16.2602,650.408,1112,09-24,09-24_16_1g.png,8.1301
1,363.08134317217434,378.97529359049247,85.23462714015562,6.536,477.8437371358968,1126,09-24,09-24_17_1g.png,3.268
1,118.54025902065489,113.34912137498023,31.58537066904086,6.8728,219.9296,1557,10-24,10-24_03_1g.png,3.4364
1,560.7628209084792,446.74897108908937,335.2434271532292,6.6006,1215.1200850123414,1587,10-24,10-24_03_2g.png,3.3003
2,163.94062262723241,168.02384471639732,37.73496706587429,75.2584191090937,231.02100000000002,599,10-24,10-24_03_2g.png,3.3003
1,97.66033541167569,93.65203104941183,31.650934139903033,6.4936,165.55496556733053,1148,10-24,10-24_04_1g.png,3.2468
1,123.96485011184097,125.8294,22.44820767628723,39.735600000000005,187.4324503354742,1395,10-24,10-24_04_2g.png,3.3113
1,159.49913613668195,150.31695245713306,52.86375416468823,7.326,285.33806036349233,1562,10-24,10-24_05_1g.png,3.663
1,173.13801217820347,168.01676577770445,26.253541844391872,100.44213831415578,237.61158886889334,999,10-24,10-24_05_2g.png,3.4014
2,173.758295673502,164.67835156522548,64.0819862255338,79.33359910050723,272.4519276778199,145,10-24,10-24_05_2g.png,3.4014
1,312.1419758111793,280.69457245183776,135.10683047974481,16.2602,666.6682000000001,1101,10-24,10-24_06_1g.png,8.1301
1,156.6490885510973,153.25446295204586,39.42150725850844,6.4936,278.922608569474,1899,10-24,10-24_06_2g.png,3.2468
1,111.40936176407762,110.7482,17.248230506948634,32.573,169.37959999999998,858,10-24,10-24_07_1g.png,3.2573
1,299.60257452766405,312.1268915791781,88.7314282132085,13.3334,477.0302203391311,1365,10-24,10-24_07_2g.png,6.6667
1,120.56249566622348,106.83438847112853,42.429880213528,6.7568,260.815980909146,1299,10-24,10-24_08_1g.png,3.3784
1,147.2903827486157,141.17408000429424,40.19566614947316,6.5574,246.404721142108,914,10-24,10-24_08_2g.png,3.2787
2,153.08041789219195,138.32850453973688,52.117574530279185,76.47176791051716,310.90652006749553,907,10-24,10-24_08_2g.png,3.2787
1,106.03587057574804,107.48820597181813,21.370873799003547,6.4936,156.1167322066408,625,10-24,10-24_09_1g.png,3.2468
2,92.32963902834314,92.97420285649133,26.69642782371732,6.4936,151.03728334209404,476,10-24,10-24_09_1g.png,3.2468
3,130.401239460146,133.71140776702637,37.88271534802705,6.4936,209.61356893178456,885,10-24,10-24_09_1g.png,3.2468
1,151.01277053414734,147.9416872718437,43.50980723589974,6.5574,257.08018874685774,1929,10-24,10-24_09_2g.png,3.2787
1,210.16558392982645,203.1618876454932,68.90480562583306,27.1184,449.4010650265974,938,10-24,10-24_10_1g.png,3.3898
2,181.60422446356372,178.98657598691585,31.013121281952365,54.2368,264.05649932300474,788,10-24,10-24_10_1g.png,3.3898
1,112.16594108900051,106.05000465535115,27.491562942014923,69.25114791164114,181.47575654108732,757,10-24,10-24_10_2g.png,3.2573
1,137.4427645317114,139.10346020858,21.052457699046368,87.97675293394273,188.80302210515595,975,10-24,10-24_11_1g.png,3.2787
1,130.92381376592982,105.70814942283305,71.55249817024885,6.4936,326.0408042870708,1270,10-24,10-24_11_2g.png,3.2468
1,180.13532110373643,169.44479803263363,68.21186293112332,27.3976,346.3521544332011,1234,10-24,10-24_12_1g.png,3.4247
2,117.41655639449775,110.44325644239217,31.54667739743291,34.247,237.46781885704007,1453,10-24,10-24_12_1g.png,3.4247
1,223.5609781853445,206.0207844272029,56.23484825727999,110.4458118898132,387.1317974282143,1572,10-24,10-24_12_2g.png,3.367
1,177.29777674483424,175.82399999999998,45.69483594346488,7.326,266.3683631214488,1151,10-24,10-24_13_1g.png,3.663
1,156.26619892598922,152.8258,17.547598734629815,108.1662513328441,202.08761954409775,584,10-24,10-24_13_2g.png,3.3223
2,140.34911515745262,131.0519967922656,30.10345251140492,93.96883436544267,219.27179999999998,757,10-24,10-24_13_2g.png,3.3223
3,175.1709130367946,163.43555011624613,71.40358930120848,6.6446,344.62357383150675,453,10-24,10-24_13_2g.png,3.3223
1,368.6077648331105,341.5935555010955,98.05429992589755,15.3846,675.8726360186511,1561,10-24,10-24_14_1g.png,7.6923
1,131.19796544564795,123.7774,40.1747231219648,32.573,251.46693541776023,1731,10-24,10-24_14_2g.png,3.2573
1,302.07112297818645,282.84242963190655,92.9650493789763,15.3846,500.8862866855111,1212,10-24,10-24_15_1g.png,7.6923
1,363.52206762905837,359.1649900087702,73.10969881683856,198.88811993932669,511.15003450356915,844,10-24,10-24_15_2g.png,7.9365
2,536.670946484786,511.15003450356915,125.41170728686005,354.9310700685416,863.1468272854856,796,10-24,10-24_15_2g.png,7.9365
1,145.5118573941872,149.3528,32.28222965144421,6.4936,209.61356893178456,929,10-24,10-24_16_1g.png,3.2468
2,123.01829253607399,119.73606777575418,24.876071120376317,6.4936,180.4239485797825,772,10-24,10-24_16_1g.png,3.2468
1,578.1641909237497,574.6548842096098,171.9893694393506,228.22278259604144,1024.5216410788014,1176,10-24,10-24_16_2g.png,8.1301
2,238.4400038942178,229.95395366899004,44.841655803106704,16.2602,355.12812846503726,756,10-24,10-24_16_2g.png,8.1301
3,300.350765674787,325.204,99.90505497206308,16.2602,429.5894372769424,365,10-24,10-24_16_2g.png,8.1301
1,117.45863768568604,115.17841080827604,34.0211487860815,6.9204,185.69381797787455,918,10-24,10-24_17_1g.png,3.4602
1,184.55079039680075,163.27470546658475,80.95873728084057,7.0922,414.33261248291814,1938,10-24,10-24_17_2g.png,3.5461
1,175.93290568486057,172.188908135803,46.05792872253449,32.894999999999996,282.9734896593672,1252,11-24,11-24_02_2g.png,3.2895
2,128.50233660291477,129.7581625524961,18.065063981003966,52.632,167.73224689963465,644,11-24,11-24_02_2g.png,3.2895
1,105.94094824821651,102.00920415295867,24.334688440124925,6.5574,174.60424331854026,1463,11-24,11-24_02_4g.png,3.2787
2,97.09262590073402,102.00920415295867,22.257704478060543,6.5574,143.96442780881674,344,11-24,11-24_02_4g.png,3.2787
1,119.926628966843,121.70277150845827,22.76971259135499,6.5146,161.29391825819098,760,11-24,11-24_03_1g.png,3.2573
1,116.55661947867148,117.25283666760477,20.33911620129696,8.6206,155.41007662632433,1199,11-24,11-24_03_2g.png,4.3103
1,200.57619271320286,201.1650767504141,21.238216391190992,146.51999999999998,243.52752407068897,812,11-24,11-24_03_3g.png,3.663
2,222.10750301483986,218.5555893588631,30.11113685259064,114.43577825138429,336.996,846,11-24,11-24_03_3g.png,3.663
3,262.72582123517265,262.10294405061535,71.41727195495329,29.304,406.1802905410355,882,11-24,11-24_03_3g.png,3.663
1,112.13512127738879,100.55104374217107,50.78458919366991,6.6446,382.454310273894,1425,11-24,11-24_03_4g.png,3.3223
1,146.97397640406015,146.7289598988557,28.42908113398156,7.1174,227.7568,2349,11-24,11-24_04_1g.png,3.5587
1,280.99807917397294,269.1019419625209,48.32136477419092,78.74,403.6529129437814,856,11-24,11-24_04_2g.png,7.874
2,289.27987923726226,290.3787722268968,32.74503044270274,110.23599999999999,377.952,494,11-24,11-24_04_2g.png,7.874
1,171.79539796913255,166.66799999999998,52.860215969079505,8.3334,330.19618748435,1320,11-24,11-24_04_3g.png,4.1667
2,232.20947846763445,249.7240655060701,76.24091729594362,8.3334,391.7584431605782,556,11-24,11-24_04_3g.png,4.1667
1,105.30964216422393,110.58202330577969,30.162915700657496,6.4936,160.7739826852591,1031,11-24,11-24_04_4g.png,3.2468
1,130.07189000837073,124.06005380621112,26.42076030298917,84.4168,198.66595868079665,610,11-24,11-24_05_1g.png,3.2468
2,143.70529470030286,142.8592,28.438122667310353,6.4936,201.3016,848,11-24,11-24_05_1g.png,3.2468
1,119.03923475211009,121.31045913292061,22.255516775340286,32.467999999999996,194.91619662039375,837,11-24,11-24_05_2g.png,3.2468
1,133.73929304029076,136.52012197591972,17.641386308367007,6.4936,162.34,965,11-24,11-24_05_3g.png,3.2468
2,110.14644240509413,107.7816245471354,28.01342993445627,6.4936,166.9499382286798,596,11-24,11-24_05_3g.png,3.2468
1,93.62621131811423,96.5028835216855,25.951306444561734,6.536,160.76434331032488,1103,11-24,11-24_05_4g.png,3.268
1,137.09626255351338,132.672575713295,25.965780122917568,84.76720481790112,226.0932834951096,813,11-24,11-24_06_1g.png,3.4722
1,153.6178075926853,143.01508049852643,57.89329930952992,7.435,319.358998816379,728,11-24,11-24_06_2g.png,3.7175
2,150.79949633376685,144.3615870825754,45.827258179510906,7.435,283.1163652104908,958,11-24,11-24_06_2g.png,3.7175
3,119.04460736458613,122.62116130586922,27.540457917491846,7.435,169.5440857122418,376,11-24,11-24_06_2g.png,3.7175
1,115.93517010876157,118.21520966863783,25.97393730929693,6.5574,185.4712802781067,902,11-24,11-24_06_3g.png,3.2787
2,125.90526788267378,122.50234149288741,30.239484315898352,6.5574,194.744844292012,783,11-24,11-24_06_3g.png,3.2787
1,120.07185250489442,118.82140110990989,24.001665350860687,19.607999999999997,184.51904755878184,1420,11-24,11-24_06_4g.png,3.268
1,133.5058350278954,126.52459534572715,28.838710081704303,6.6226,207.95385817377857,1485,11-24,11-24_07_1g.png,3.3113
1,131.57292365149274,129.12003967200243,23.528902228096626,60.92618484691127,188.80677953929515,368,11-24,11-24_07_2g.png,4.0
2,147.86831787142577,139.71399357258383,34.8238305144435,81.58431221748455,209.990475974507,329,11-24,11-24_07_2g.png,4.0
3,139.46510121786065,143.10835055998655,36.79552282728654,8.0,213.01643129110957,593,11-24,11-24_07_2g.png,4.0
1,419.14406517515056,442.32526153228014,114.60644440369175,16.2602,617.8876,1173,11-24,11-24_07_3g.png,8.1301
1,116.64616834934796,117.43894454566593,24.390162658296063,6.826,176.1584168184989,1090,11-24,11-24_07_4g.png,3.413
1,130.59556705657866,120.402,31.870359280968806,85.66099604837665,215.92108577440973,749,11-24,11-24_08_1g.png,3.3445
2,134.78001598901008,127.00292580659888,29.010337104924282,101.88381261024738,224.25614462930554,756,11-24,11-24_08_1g.png,3.3445
1,182.87947232680716,168.0965611260385,46.7021320895101,61.26018510092831,300.7002699694166,620,11-24,11-24_08_2g.png,3.3223
2,127.9923013581492,128.3285413175105,16.123984358375964,86.37979999999999,170.18479723218522,1023,11-24,11-24_08_2g.png,3.3223
1,159.71792627202404,153.9407828339196,35.39411442114595,6.4936,259.74399999999997,838,11-24,11-24_08_3g.png,3.2468
1,216.21566002192566,212.00706989815225,45.70994988716368,16.2602,339.5229437923747,790,11-24,11-24_08_4g.png,8.1301
1,145.46659740334786,144.18131846144286,43.745011748217266,6.4936,223.9115314168522,749,11-24,11-24_09_1g.png,3.2468
2,128.03651696075005,124.90688994286903,33.53438309176229,6.4936,249.47596528916367,1369,11-24,11-24_09_1g.png,3.2468
1,149.74397723290167,148.61664995174664,24.796842120213487,34.722,206.47185561775726,851,11-24,11-24_09_2g.png,3.4722
2,166.88268837990526,167.8190089180603,39.83888493277719,21.960120983273296,253.44681669241774,1376,11-24,11-24_09_2g.png,3.4722
1,132.34288589777788,126.86913048019207,34.379421752311785,7.0922,227.9455587804246,1476,11-24,11-24_09_3g.png,3.5461
1,106.45915609402601,105.06035070377406,22.895424965051138,6.6446,156.39530963120345,1135,11-24,11-24_09_4g.png,3.3223
1,157.18641235407338,157.65058823639066,18.415132171775703,118.21520966863783,204.01840830591735,785,11-24,11-24_10_1g.png,3.2787
1,147.00662161053674,145.12275063545343,29.96559703108426,40.955999999999996,219.81415835200423,1017,11-24,11-24_10_2g.png,3.413
1,109.90010611424555,97.13777091327553,53.28378729891747,6.579,303.27691492264955,1581,11-24,11-24_10_3g.png,3.2895
1,113.0694905610353,122.90586279344042,39.09590435297591,6.579,160.20911931909495,99,11-24,11-24_10_4g.png,3.2895
2,76.3026991818415,87.15402124663242,25.946234170503878,6.579,102.34522129537851,46,11-24,11-24_10_4g.png,3.2895
3,105.27112853753792,102.97763856779781,25.940909467768996,6.579,162.8883873485154,770,11-24,11-24_10_4g.png,3.2895
1,130.28582611567128,128.0738112708449,39.17691091123358,6.4936,273.96528413067233,1673,11-24,11-24_11_1g.png,3.2468
1,189.02081508265553,187.35410743103552,42.53871758427765,27.5864,288.75266146769974,1598,11-24,11-24_11_2g.png,3.4483
1,136.93092300475783,122.52099975824551,46.942538008744705,6.4936,236.37060788515987,1015,11-24,11-24_11_3g.png,3.2468
2,109.12937717928264,110.96268544118783,33.75314068034367,6.4936,176.64501779104896,630,11-24,11-24_11_3g.png,3.2468
1,118.71348709249182,117.2095620578799,31.830153483415923,6.7114,225.60688299517813,1242,11-24,11-24_11_4g.png,3.3557
1,153.78439343493966,152.52123348950468,26.813454291315676,6.5574,227.24962751731852,852,11-24,11-24_12_1g.png,3.2787
1,139.4118137511506,142.66561226434348,21.34822660091563,6.6446,168.2278353054571,1026,11-24,11-24_12_3g.png,3.3223
1,213.43199828437827,212.00706989815225,55.96682077722482,16.2602,356.61402670568077,965,11-24,11-24_12_4g.png,8.1301
1,111.98153865957758,104.576,29.09298673040098,6.536,210.77966657151725,706,11-24,11-24_13_1g.png,3.268
2,176.8720566959825,178.39808160403518,39.2991606609127,6.536,247.07463241700876,524,11-24,11-24_13_1g.png,3.268
1,75.32702495238406,80.32139607153252,22.817319055703386,6.4936,116.8848,1129,11-24,11-24_13_2g.png,3.2468
2,80.14611670681296,84.4168,21.225019589188147,6.4936,110.3912,776,11-24,11-24_13_2g.png,3.2468
1,311.57170307413975,319.4622421498979,49.83026097541377,139.87552930716652,411.3541376789591,1127,11-24,11-24_13_3g.png,8.1301
1,276.3630642256777,271.5971416747001,76.86890647151984,16.2602,447.377175052863,1142,11-24,11-24_13_4g.png,8.1301
1,118.96974570116744,119.60279999999999,12.633916547492662,93.0244,148.577772832951,761,11-24,11-24_14_1g.png,3.3223
2,105.7591050879369,107.14095566868907,22.75606494895456,6.6446,152.8258,810,11-24,11-24_14_1g.png,3.3223
1,196.66753889836107,188.787445799979,40.093291955315216,24.193800000000003,298.3902,1207,11-24,11-24_14_2g.png,4.0323
1,157.2222870216637,165.35241858430737,28.99430232739723,8.2988,203.44758279576584,1035,11-24,11-24_14_3g.png,4.1494
2,149.79012049094385,140.83530613706208,43.91834512117038,8.2988,280.81353822207365,991,11-24,11-24_14_3g.png,4.1494
1,134.608867094213,120.48299999999999,51.087486622331014,8.0322,231.8232630426032,878,11-24,11-24_14_4g.png,4.0161
2,118.58616084843568,120.48299999999999,25.79166996590204,8.0322,179.6054520887381,1043,11-24,11-24_14_4g.png,4.0161
1,136.17569985601403,137.6734874567287,32.80326927157631,6.4936,205.34566214069386,878,11-24,11-24_15_1g.png,3.2468
2,86.69014570853521,87.12078611215581,16.149817041596368,6.4936,124.06005380621112,624,11-24,11-24_15_1g.png,3.2468
3,138.32742229906512,129.87199999999999,52.709894582518274,6.4936,279.2248,919,11-24,11-24_15_1g.png,3.2468
1,144.93411131340906,142.04532405580971,23.934996758359112,53.1568,192.6934,817,11-24,11-24_15_2g.png,3.3223
2,160.2441681990585,150.3501349847083,43.58795399317758,39.867599999999996,288.48585193489123,911,11-24,11-24_15_2g.png,3.3223
1,165.3600144183331,163.8143400316346,49.60557135687546,7.326,250.58775492828855,1308,11-24,11-24_15_3g.png,3.663
1,124.15795537622124,123.30938409399344,29.26802901804244,6.6006,191.53116963857346,814,11-24,11-24_16_1g.png,3.3003
2,139.86345973800212,136.07485496225965,29.31498356225811,6.6006,202.04737409162237,625,11-24,11-24_16_1g.png,3.3003
1,92.1095719285592,91.59230240582448,18.685441815936482,6.734,145.054799244975,673,11-24,11-24_16_2g.png,3.367
1,124.50547997602627,124.03835972343394,44.0288588049133,6.7568,222.87200072938728,938,11-24,11-24_16_3g.png,3.3784
2,145.9867326418284,150.025306852944,29.3444497153618,6.7568,193.48530672069134,710,11-24,11-24_16_3g.png,3.3784
1,134.65881563253487,132.39271708262504,28.01413529436434,6.6446,206.0897431021738,1145,11-24,11-24_16_4g.png,3.3223
1,131.34933728349034,128.16046962975753,23.22450207191578,6.6006,174.76015613508704,924,11-24,11-24_17_1g.png,3.3003
2,123.74717553060064,126.1042859358872,16.65922190009129,6.6006,146.55710401573853,502,11-24,11-24_17_1g.png,3.3003
1,145.92826786146594,142.32553104766552,26.85072016915471,74.43288821482074,209.08389084288632,780,11-24,11-24_17_2g.png,3.2895
2,133.98260105572368,131.0856463423818,28.13542624943361,6.579,195.3863315639044,768,11-24,11-24_17_2g.png,3.2895
1,275.93834455149624,271.8526295477018,87.49828335168964,15.748,651.9748076850823,1560,11-24,11-24_17_3g.png,7.874
2,329.08045828180667,332.2044239320121,103.54517305825556,15.748,497.9954859233163,379,11-24,11-24_17_3g.png,7.874
1,127.50736532921078,129.87199999999999,24.581060251148916,25.9744,172.90543727899365,414,11-24,11-24_17_4g.png,3.2468
2,143.19209072063978,135.1230629303525,34.85753295085718,32.467999999999996,286.3817481390879,1619,11-24,11-24_17_4g.png,3.2468
3,133.26505114329865,142.48974857465612,25.711380054108982,32.467999999999996,164.27652971255512,458,11-24,11-24_17_4g.png,3.2468
4,162.87758749458877,157.05923074305437,50.63048009468488,25.9744,299.3401694393855,838,11-24,11-24_17_4g.png,3.2468
